file	packages/fiber/dist/cjs/index.js	33b91d3cc1463595a593d3c0707bcadd148327c09c7dee57a8cc481d9b8c8f94	1704286178793.854
file	packages/fiber/dist/cjs/index.js.map	a6f8dc927edb6d7469a7b24894044c05ded30798ee0748c61f478dc573ee3c3f	1704286178793.8337
file	packages/fiber/dist/esm/index.js	30759c4894e29181470d42cb79befe1bb837f7426d27195edea52427e29f5a02	1704286178793.7793
file	packages/fiber/dist/esm/index.js.map	f7fa26c6ec87996ec467b130f98dffa4a0d92a7328330a2384f56ceeb215fe84	1704286178793.7373
file	packages/fiber/dist/index.d.ts	40994e87643a6cc099cce18a5ec8c04ac13d0bca4ae18d09340a18b9273dfd71	1704286178792.2434
file	packages/fiber/dist/index.d.ts.map	a61169db1ed9b4c4264833c6488d6e4feb330030ab8d63f85a24eba5e1f9dd3b	1704286178792.521
file	packages/fiber/package.json	d418b3fe96e2d7ba6a614dafff61e8a77b6abab67c89e93b9310dffe0a2784ef	1704286876445.3367
file	packages/fiber/src/fabric-types.ts	238330414b822d6fb1d198232b5a899bf68a3320f79b54dba43af938267a9fe5	1704287185168.8394
file	packages/fiber/src/index.ts	17f91a482f8c040d235c9322cb15016738b64ae45b6381f3b584fa556c8f6b8f	1704287301039.649
file	packages/fiber/src/lib/Canvas.tsx	bc92953a074078ba87870471cb94d1afa20799df9d353da9ac46e1ed95bf1e89	1704287370286.4807
file	packages/fiber/src/lib/hooks.tsx	641217ba16337f6aa223bc6b853ea9e95e0156827d7a92b78d4dbed165c2d40c	1704287197158.052
file	packages/fiber/src/lib/index.tsx	4c1fdaf085013cf0d16716d3647aa830d96dde6479a19aabe31ed3aa34b2da71	1704287252877.9512
file	packages/fiber/src/lib/renderer.ts	afc54b939c90894d0b4fdc2921d7b5d7352ffd21008880fa59a24e21a6abb69c	1704287594961.05
file	packages/fiber/src/lib/store.ts	27660fdaf13c7dca8863b65ec0413e50b4bf5895db9d2b8fd90e3f95f02d3141	1702644535198.868
file	packages/fiber/src/lib/utils.ts	7a07cfc4925c9a253aa1b492fb0f25e38debe1075b50d2745b0df6146ec31fcb	1704287500445.2205
file	packages/fiber/tsconfig.json	6ba7333b567ad26b5c6632832887dfca1a63811dccfdad4839cb77f8e4687a21	1702093033730.8977
file	packages/fiber/tsconfig.tsbuildinfo	8f791494303aa0c49eb01922e06f73967024990a2181269a33ce368975e62428	1704286613616.8994
